seconds,pressurizerPressureMPa,primaryCoolantInventoryKg,sgAPrimaryToSecondaryLeakKgPerS,sgASecondaryRadiationMSvPerH,sgALevelPercent
0,15.50000,285000.00,0.000,0.02000,55.000
1,15.49823,285000.00,0.000,0.02000,55.002
2,15.49357,285000.00,0.000,0.02000,55.004
3,15.48648,285000.00,0.000,0.02000,55.006
4,15.47742,285000.00,0.000,0.02000,55.008
5,15.46683,285000.00,0.000,0.02000,55.010
6,15.45512,285000.00,0.000,0.02000,55.011
7,15.44268,285000.00,0.000,0.02000,55.013
8,15.42984,285000.00,0.000,0.02000,55.015
9,15.41692,285000.00,0.000,0.02000,55.017
10,15.40420,285000.00,0.000,0.02000,55.018
11,15.39191,285000.00,0.000,0.02000,55.020
12,15.38027,285000.00,0.000,0.02000,55.022
13,15.36943,285000.00,0.000,0.02000,55.023
14,15.35955,285000.00,0.000,0.02000,55.025
15,15.35074,285000.00,0.000,0.02000,55.026
16,15.34308,285000.00,0.000,0.02000,55.028
17,15.33664,285000.00,0.000,0.02000,55.029
18,15.33146,285000.00,0.000,0.02000,55.031
19,15.32756,285000.00,0.000,0.02000,55.032
20,15.32495,284984.60,154.020,2.17628,55.034
21,15.32338,284830.51,154.143,21.51284,55.037
22,15.32265,284676.30,154.270,37.32823,55.040
23,15.32276,284521.96,154.402,50.26721,55.043
24,15.32372,284367.48,154.539,60.85656,55.045
25,15.32549,284212.92,154.574,69.51940,55.048
26,15.32804,284058.33,154.607,76.60149,55.051
27,15.33135,283903.70,154.646,82.39276,55.054
28,15.33537,283749.03,154.691,87.13004,55.056
29,15.34006,283594.31,154.741,91.00682,55.059
30,15.34537,283439.54,154.795,94.18112,55.062
31,15.35125,283284.71,154.853,96.78203,55.065
32,15.35765,283129.82,154.916,98.91495,55.068
33,15.36453,282974.87,154.982,100.66597,55.070
34,15.37181,282819.85,155.051,102.10534,55.073
35,15.37947,282664.76,155.122,103.29044,55.076
36,15.38744,282509.60,155.196,104.26806,55.079
37,15.39567,282354.36,155.271,105.07641,55.081
38,15.40413,282199.05,155.348,105.74663,55.084
39,15.41276,282043.66,155.425,106.30413,55.087
40,15.42152,281888.19,155.504,106.76962,55.090
41,15.43037,281732.64,155.582,107.15995,55.093
42,15.43928,281577.02,155.660,107.48889,55.095
43,15.44819,281421.32,155.737,107.76759,55.098
44,15.45708,281265.54,155.814,108.00518,55.101
45,15.46592,281109.68,155.889,108.20904,55.104
46,15.47468,280953.75,155.963,108.38518,55.107
47,15.48333,280797.75,156.036,108.53849,55.109
48,15.49184,280641.67,156.107,108.67291,55.112
49,15.50020,280485.53,156.176,108.79167,55.115
50,15.50838,280329.32,156.242,108.89736,55.118
51,15.51636,280173.04,156.306,108.99208,55.121
52,15.52412,280016.70,156.368,109.07753,55.123
53,15.53166,279860.30,156.428,109.15508,55.126
54,15.53896,279703.84,156.484,109.22583,55.129
55,15.54601,279547.32,156.538,109.29070,55.132
56,15.55279,279390.76,156.589,109.35038,55.135
57,15.55930,279234.14,156.637,109.40546,55.137
58,15.56554,279077.48,156.682,109.45640,55.140
59,15.57149,278920.78,156.724,109.50359,55.143
60,15.57716,278764.03,156.763,109.54732,55.146
61,15.58254,278607.25,156.799,109.58785,55.149
62,15.58763,278450.43,156.833,109.62536,55.151
63,15.59243,278293.58,156.863,109.66003,55.154
64,15.59694,278136.70,156.890,109.69199,55.157
65,15.60115,277979.80,156.914,109.72136,55.160
66,15.60507,277822.87,156.935,109.74821,55.163
67,15.60871,277665.93,156.953,109.77265,55.165
68,15.61206,277508.96,156.968,109.79473,55.168
69,15.61514,277351.99,156.981,109.81453,55.171
70,15.61793,277195.00,156.990,109.83209,55.174
71,15.62045,277038.01,156.997,109.84747,55.177
72,15.62270,276881.01,157.001,109.86072,55.179
73,15.62469,276724.01,157.003,109.87189,55.182
74,15.62642,276567.00,157.002,109.88102,55.185
75,15.62789,276410.00,156.998,109.88815,55.188
76,15.62912,276253.01,156.992,109.89334,55.191
77,15.63011,276096.02,156.984,109.89662,55.193
78,15.63085,275939.04,156.973,109.89805,55.196
79,15.63137,275782.08,156.960,109.89765,55.199
80,15.63167,275625.13,156.944,109.89549,55.202
81,15.63175,275468.19,156.927,109.89159,55.205
82,15.63161,275311.27,156.907,109.88601,55.207
83,15.63128,275154.38,156.886,109.87879,55.210
84,15.63074,274997.51,156.862,109.86997,55.213
85,15.63000,274840.66,156.836,109.85961,55.216
86,15.62909,274683.84,156.809,109.84773,55.219
87,15.62799,274527.04,156.780,109.83439,55.221
88,15.62671,274370.28,156.749,109.81963,55.224
89,15.62527,274213.55,156.716,109.80349,55.227
90,15.62366,274056.85,156.682,109.78602,55.230
91,15.62189,273900.19,156.646,109.76725,55.233
92,15.61997,273743.56,156.609,109.74724,55.235
93,15.61791,273586.98,156.571,109.72601,55.238
94,15.61570,273430.43,156.531,109.70362,55.241
95,15.61336,273273.92,156.489,109.68010,55.244
96,15.61088,273117.45,156.446,109.65549,55.247
97,15.60828,272961.03,156.403,109.62982,55.249
98,15.60556,272804.65,156.358,109.60315,55.252
99,15.60272,272648.32,156.311,109.57550,55.255
100,15.59976,272492.04,156.264,109.54691,55.258
101,15.59670,272335.80,156.216,109.51741,55.261
102,15.59354,272179.61,156.166,109.48704,55.263
103,15.59028,272023.47,156.116,109.45583,55.266
104,15.58692,271867.38,156.065,109.42382,55.269
105,15.58347,271711.35,156.012,109.39104,55.272
106,15.57993,271555.36,155.959,109.35751,55.275
107,15.57631,271399.43,155.906,109.32327,55.277
108,15.57260,271243.56,155.851,109.28834,55.280
109,15.56883,271087.74,155.796,109.25276,55.283
110,15.56497,270931.97,155.740,109.21655,55.286
111,15.56105,270776.26,155.683,109.17974,55.289
112,15.55706,270620.61,155.626,109.14235,55.291
113,15.55300,270465.02,155.568,109.10441,55.294
114,15.54888,270309.48,155.509,109.06594,55.297
115,15.54470,270154.01,155.450,109.02696,55.300
116,15.54047,269998.59,155.390,108.98750,55.302
117,15.53618,269843.23,155.330,108.94758,55.305
118,15.53184,269687.94,155.269,108.90721,55.308
119,15.52745,269532.70,155.208,108.86642,55.311
120,15.52302,269377.53,155.146,108.82524,55.314
